"","trait","variant","minor_allele","minor_AF","low_confidence_variant","n_complete_samples","AC","ytx","beta","se","tstat","pval","chr_pos","file_name","PVE","expected_case_minor_AC","expected_min_category_minor_AC","std_Z","description"
"1","100007_irnt","9:87275348:G:T","G",0.231914,FALSE,51453,79040.7,367,0.0182993,0.00733369,2.49524,0.0125902,"9:87275348","100007_irnt.gwas.imputed_v3.both_sexes.tsv",0.000120993100668223,NA,NA,0.0110003518930126,"Polyunsaturated fat"
"2","100008_irnt","18:24125857:T:C","C",0.431815,FALSE,51453,44436.4,356,0.0147673,0.00626698,2.35636,0.0184588,"18:24125857","100008_irnt.gwas.imputed_v3.both_sexes.tsv",0.000107901631839957,NA,NA,0.0103881314902402,"Total sugars"
"3","100017_irnt","4:42078241:A:G","G",0.139136,FALSE,51453,14317.9,-294,-0.0242606,0.00891095,-2.72256,0.00647993,"4:42078241","100017_irnt.gwas.imputed_v3.both_sexes.tsv",0.000144039564432097,NA,NA,-0.0120025128542774,"Magnesium"
"4","100025_irnt","9:87275348:G:T","G",0.231914,FALSE,51453,79040.7,293,0.0176289,0.00738156,2.38823,0.0169333,"9:87275348","100025_irnt.gwas.imputed_v3.both_sexes.tsv",0.000110839683928879,NA,NA,0.010528626250669,"Vitamin E"
"5","100250","3:88999823:G:A","A",0.0264167,FALSE,51427,2717.06,4882,0.0906394,0.0385541,2.35097,0.0187284,"3:88999823","100250.gwas.imputed_v3.both_sexes.tsv",0.00010746203039406,NA,NA,0.0103669464994834,"Instant coffee intake"
"6","100370","4:101774236:G:C","C",0.216078,FALSE,51427,22224.5,6930,0.0193253,0.00569062,3.39598,0.000684347,"4:101774236","100370.gwas.imputed_v3.both_sexes.tsv",0.000224204716791178,NA,NA,0.0149751459364844,"Intake of sugar added to coffee"
"7","100630","8:65709467:G:A","G",0.232504,FALSE,51427,78940,6523,0.0091788,0.0036411,2.52088,0.011709,"8:65709467","100630.gwas.imputed_v3.both_sexes.tsv",0.000123555404665637,NA,NA,0.0111162346363362,"Rose wine intake"
"8","100710","2:166318574:T:C","C",0.327996,FALSE,51427,33735.7,15537,0.0171576,0.00721318,2.37864,0.0173803,"2:166318574","100710.gwas.imputed_v3.both_sexes.tsv",0.000110007062851003,NA,NA,0.010489002132533,"Beer/cider intake"
"9","102190","18:24125857:T:C","C",0.431771,FALSE,51427,44409.3,10802,0.00859426,0.0042764,2.0097,0.0444687,"18:24125857","102190.gwas.imputed_v3.both_sexes.tsv",7.85298987785945e-05,NA,NA,0.00886205767347089,"Cake intake"
"10","102250","8:65709467:G:A","G",0.232504,FALSE,51427,78940,42657,-0.00894087,0.00367377,-2.4337,0.0149487,"8:65709467","102250.gwas.imputed_v3.both_sexes.tsv",0.000115158083338434,12975.1,NA,-0.0107317913812151,"Sweet snack consumers"
"11","102440","9:87275348:G:T","G",0.231895,FALSE,51427,79002.7,8810,0.00971237,0.00337517,2.87759,0.00400888,"9:87275348","102440.gwas.imputed_v3.both_sexes.tsv",0.000160989673746122,NA,NA,0.0126891920780767,"Unsalted nuts intake"
"12","102800","2:166318574:T:C","C",0.327996,FALSE,51427,33735.7,15468,0.00955962,0.0033036,2.8937,0.00380895,"2:166318574","102800.gwas.imputed_v3.both_sexes.tsv",0.000162796268381853,15248.5,NA,0.012760202793141,"Cheese consumers"
"13","102800","3:88999823:G:A","A",0.0264167,FALSE,51427,2717.06,1293,0.0238607,0.00972402,2.45379,0.0141393,"3:88999823","102800.gwas.imputed_v3.both_sexes.tsv",0.000117066501346662,1228.11,NA,0.0108203607849708,"Cheese consumers"
"14","102840","4:101774236:G:C","C",0.216089,FALSE,51422,22223.5,883,-0.00423158,0.00203073,-2.08378,0.0371851,"4:101774236","102840.gwas.imputed_v3.both_sexes.tsv",8.44335613009828e-05,NA,NA,-0.00918916160099694,"Blue cheese intake"
"15","103020","2:166318574:T:C","C",0.32799,FALSE,51422,33731.8,11670,-0.0128405,0.00516244,-2.48729,0.0128751,"2:166318574","103020.gwas.imputed_v3.both_sexes.tsv",0.000120296398350619,NA,NA,-0.0109686312416418,"Beef intake"
"16","104290","8:65709467:G:A","G",0.232504,FALSE,51427,78940,24765,-0.0131906,0.00593599,-2.22214,0.0262783,"8:65709467","104290.gwas.imputed_v3.both_sexes.tsv",9.60085458140817e-05,NA,NA,-0.00979886546187916,"Sweet pepper intake"
"17","104910","6:129283603:A:G","G",0.095183,FALSE,51427,9789.95,27802,-0.0526319,0.0165477,-3.18062,0.00147047,"6:129283603","104910.gwas.imputed_v3.both_sexes.tsv",0.000196673662667946,NA,NA,-0.0140254180260865,"Time spent doing moderate physical activity"
"18","20126_0","4:42078241:A:G","G",0.138525,FALSE,86895,24074.2,17627,0.0107274,0.00306899,3.49544,0.000473522,"4:42078241","20126_0.gwas.imputed_v3.both_sexes.tsv",0.000140586026179686,17405.6,NA,0.0118577313761713,"Bipolar and major depression status: No Bipolar or Depression"
"19","20408","3:34204000:G:A","G",0.203894,FALSE,65029,103540,121524,-0.0101936,0.0034082,-2.9909,0.00278261,"3:34204000","20408.gwas.imputed_v3.both_sexes.tsv",0.000137542912832446,NA,NA,-0.0117286756919833,"Frequency of memory loss due to drinking alcohol in last year"
"20","20436","18:24125857:T:C","C",0.430519,FALSE,62464,53783.8,153456,0.0122699,0.00533554,2.29965,0.0214713,"18:24125857","20436.gwas.imputed_v3.both_sexes.tsv",8.46561916371716e-05,NA,NA,0.00920126941865678,"Fraction of day affected during worst episode of depression"
"21","20437","4:101774236:G:C","C",0.212623,FALSE,62648,26640.8,14069,0.00989527,0.00343765,2.8785,0.00399707,"4:101774236","20437.gwas.imputed_v3.both_sexes.tsv",0.000132241368886774,13875.8,NA,0.0115003851665643,"Thoughts of death during worst depression"
"22","20448","2:166318574:T:C","C",0.327869,FALSE,66302,43476.8,27792,-0.00815309,0.00278996,-2.92229,0.00347581,"2:166318574","20448.gwas.imputed_v3.both_sexes.tsv",0.000128785199739913,28018.4,NA,-0.011349087518556,"Professional informed about depression"
"23","20450","6:129283603:A:G","G",0.0964877,FALSE,62128,11989.2,6237,0.0137181,0.00472107,2.90571,0.00366547,"6:129283603","20450.gwas.imputed_v3.both_sexes.tsv",0.000135881602266823,6096.67,NA,0.0116576184783124,"Feelings of worthlessness during worst period of depression"
"24","20479","4:42078241:A:G","G",0.137647,FALSE,117291,32289.6,14995,-0.0187242,0.00455938,-4.10675,4.01537e-05,"4:42078241","20479.gwas.imputed_v3.both_sexes.tsv",0.000143769853780689,NA,4397.56,-0.0119912687620478,"Ever thought that life not worth living"
"25","20488","3:34204000:G:A","G",0.204217,FALSE,117838,187547,51761,-0.0111741,0.00336538,-3.3203,0.00089948,"3:34204000","20488.gwas.imputed_v3.both_sexes.tsv",9.35472223248209e-05,NA,NA,-0.0096724337281959,"Physically abused by family as a child"
"26","20488","8:65709467:G:A","G",0.231127,FALSE,117838,181205,49977,-0.0113482,0.00321492,-3.52987,0.000415925,"8:65709467","20488.gwas.imputed_v3.both_sexes.tsv",0.000105726131062831,NA,NA,-0.0102828648857968,"Physically abused by family as a child"
"27","20494","2:166318574:T:C","C",0.327593,FALSE,52816,34604.3,18353,0.011856,0.00491509,2.41217,0.0158613,"2:166318574","20494.gwas.imputed_v3.both_sexes.tsv",0.000110153952061683,NA,NA,0.0104960033961304,"Felt irritable or had angry outbursts in past month"
"28","20494","3:34204000:G:A","G",0.204625,FALSE,52816,84017,43709,-0.0127496,0.00570617,-2.23435,0.0254643,"3:34204000","20494.gwas.imputed_v3.both_sexes.tsv",9.45142192294111e-05,NA,NA,-0.00972230183708658,"Felt irritable or had angry outbursts in past month"
"29","20524","6:129283603:A:G","G",0.0962282,FALSE,117727,22657.3,1864,-0.00911736,0.00289987,-3.14406,0.00166664,"6:129283603","20524.gwas.imputed_v3.both_sexes.tsv",8.3959260878503e-05,NA,NA,-0.00916331329966852,"Sexual interference by partner or ex-partner without consent as an adult"
"30","20536_0","6:129283603:A:G","G",0.0961145,FALSE,56571,10874.6,4555,0.0129527,0.00478128,2.70904,0.0067498,"6:129283603","20536_0.gwas.imputed_v3.both_sexes.tsv",0.000129712570528927,4417.62,NA,0.0113898813893132,"Weight change during worst episode of depression: Stayed about the same or was on a diet"
"31","20536_2","6:129283603:A:G","G",0.0961145,FALSE,56571,10874.6,3763,-0.0129874,0.00476276,-2.72687,0.00639575,"6:129283603","20536_2.gwas.imputed_v3.both_sexes.tsv",0.000131424429864967,3904.75,NA,-0.0114648028555245,"Weight change during worst episode of depression: Lost weight"
"32","22126","4:42078241:A:G","G",0.136826,FALSE,91787,25117.7,5491,-0.0104659,0.002832,-3.69557,0.000219525,"4:42078241","22126.gwas.imputed_v3.both_sexes.tsv",0.000148771887324309,5720.43,NA,-0.012198115579549,"Doctor diagnosed hayfever or allergic rhinitis"
"33","22501_irnt","9:87275348:G:T","G",0.230953,FALSE,91777,141162,412,0.00836949,0.0022938,3.64875,0.00026367,"9:87275348","22501_irnt.gwas.imputed_v3.both_sexes.tsv",0.000145040751205645,NA,NA,0.012044160040318,"Year ended full time education"
"34","22610_1","8:65709467:G:A","G",0.23323,FALSE,89060,136577,33076,-0.00686352,0.00236097,-2.90707,0.0036492,"8:65709467","22610_1.gwas.imputed_v3.both_sexes.v2.tsv",9.48831227866398e-05,NA,10126.4,-0.00974125897653507,"Workplace full of chemical or other fumes: Sometimes"
"35","22660_105","18:24125857:T:C","C",0.432147,FALSE,67655,58473.8,19864,0.00564105,0.00211901,2.66212,0.00776687,"18:24125857","22660_105.gwas.imputed_v3.both_sexes.tsv",0.000104739017934897,21241.8,NA,0.010234744224743,"Gap coding: Looking after the home and/or family"
"36","22660_105","18:24125857:T:C","C",0.431723,FALSE,69370,59897.2,21287,0.00480251,0.0021036,2.283,0.0224336,"18:24125857","22660_105.gwas.imputed_v3.both_sexes.v2.tsv",7.51287058235773e-05,NA,21220.9,0.00866800730099476,"Gap coding: Looking after the home and/or family"
"37","2764_irnt","9:87275348:G:T","G",0.23197,FALSE,131806,202462,877,0.0174522,0.00452777,3.85448,0.000116033,"9:87275348","2764_irnt.gwas.imputed_v3.both_sexes.tsv",0.000112706124531488,NA,NA,0.0106169123870278,"Age at last live birth"
"38","4631","4:42078241:A:G","G",0.138573,FALSE,115145,31912.1,11428,-0.0114769,0.00288527,-3.97776,6.96115e-05,"4:42078241","4631.gwas.imputed_v3.both_sexes.tsv",0.000137395186114204,11743.8,NA,-0.0117223745949955,"Ever unenthusiastic/disinterested for a whole week"
"39","5089_irnt","3:34204000:G:A","G",0.204312,FALSE,77739,123712,424,0.0167646,0.00627579,2.67131,0.0075571,"3:34204000","5089_irnt.gwas.imputed_v3.both_sexes.tsv",9.17848013981557e-05,NA,NA,0.00958087817588925,"Astigmatism angle (left)"
"40","5097_irnt","3:34204000:G:A","G",0.203963,FALSE,65551,104362,-421,-0.0156882,0.0066633,-2.35441,0.018555,"3:34204000","5097_irnt.gwas.imputed_v3.both_sexes.tsv",8.45573677738907e-05,NA,NA,-0.00919589682015667,"6mm weak meridian (left)"
"41","5208_irnt","4:101774236:G:C","C",0.214986,FALSE,79239,34070.5,-366,-0.0159397,0.00594645,-2.68054,0.00735176,"4:101774236","5208_irnt.gwas.imputed_v3.both_sexes.tsv",9.06705766907484e-05,NA,NA,-0.00952254160346439,"logMAR, final (left)"
"42","5265_irnt","4:101774236:G:C","C",0.214689,FALSE,76510,32851.7,414,0.0159292,0.00620749,2.56613,0.010286,"4:101774236","5265_irnt.gwas.imputed_v3.both_sexes.tsv",8.60597924099932e-05,NA,NA,0.00927724093334334,"Corneal resistance factor (left)"
"43","5984_irnt","3:88999823:G:A","A",0.0270663,FALSE,53843,2914.66,-34,-0.0323941,0.0141547,-2.28858,0.0221075,"3:88999823","5984_irnt.gwas.imputed_v3.both_sexes.tsv",9.7265540609634e-05,NA,NA,-0.0098628090377591,"ECG, load"
"44","5993","3:88999823:G:A","A",0.0270539,FALSE,53998,2921.72,3602,-0.0338485,0.0125861,-2.68934,0.00716146,"3:88999823","5993.gwas.imputed_v3.both_sexes.tsv",0.00013392469255601,NA,NA,-0.0115733586646944,"ECG, number of stages in a phase"
"45","6039","3:88999823:G:A","A",0.0270539,FALSE,53998,2921.72,2845,-0.0502183,0.0127618,-3.93506,8.32813e-05,"3:88999823","6039.gwas.imputed_v3.both_sexes.tsv",0.000286680365274798,NA,NA,-0.0169340655034281,"Duration of fitness test"
